LoanID,CustomerID,LoanType,OriginalAmount,OutstandingBalance,InterestRatePct,LoanStatus
800001,100013,Personal,2352.21,1550.86,10.79,Current
800002,100018,Personal,29056.18,4614.82,8.97,Current
800003,100019,Personal,26723.1,15923.7,5.3,Current
800004,100019,Mortgage,326008.51,157136.88,7.18,Current
800005,100021,Mortgage,87947.15,27422.39,5.03,Current
800006,100021,Mortgage,124807.12,45257.95,5.23,Current
800007,100026,Mortgage,301541.22,255576.7,3.76,Current
800008,100030,Mortgage,229220.61,103227.17,6.23,Current
800009,100034,Personal,27590.47,25823.25,7.63,Current
800010,100037,Mortgage,260235.18,81228.95,4.92,Current
800011,100043,Personal,15523.13,6904.76,8.21,Current
800012,100046,Mortgage,347058.66,192256.21,4.02,Late
800013,100048,Mortgage,290645.37,196128.83,5.15,Current
800014,100051,Mortgage,171616.71,144353.47,3.73,Current
800015,100055,Personal,16708.62,4356.31,10.4,Current
800016,100055,Mortgage,112187.28,74023.13,6.8,Current
800017,100058,Personal,4384.53,1635.19,9.98,Current
800018,100060,Personal,21853.49,6844.03,7.41,Current
800019,100063,Personal,26197.77,7020.02,5.08,Current
800020,100067,Personal,19355.31,4738.28,10.34,Current
800021,100067,Auto,44373.08,18711.18,7.32,Current
800022,100069,Auto,29082.28,21672.4,7.49,Current
800023,100072,Mortgage,164224.48,66897.16,5.32,Current
800024,100072,Auto,36118.15,13229.31,6.13,Current
800025,100077,Mortgage,237561.19,221483.63,3.75,Current
800026,100077,Personal,23828.41,10957.17,10.36,Current
800027,100082,Personal,25697.26,16605.76,11.37,Current
800028,100083,Personal,18927.28,12215.72,6.65,Current
800029,100084,Auto,16822.8,13678.14,6.99,Current
800030,100086,Personal,29238.52,8062.54,5.78,Current
800031,100096,Auto,39197.08,28270.83,8.04,Current
800032,100098,Personal,23436.13,6915.33,12.11,Current
800033,100100,Personal,5539.36,2178.84,12.23,Current
800034,100101,Auto,21700.09,4736.23,9.28,Current
800035,100101,Auto,30615.13,10927.89,8.08,Current
800036,100104,Personal,12916.15,2807.97,6.16,Current
800037,100105,Mortgage,332445.55,101394.09,5.2,Current
800038,100105,Mortgage,330897.89,58041.34,4.45,Current
800039,100107,Personal,4291.55,3389.25,11.47,Current
800040,100109,Personal,8342.39,5904.15,5.35,Current
800041,100110,Personal,12991.29,2411.03,12.42,Current
800042,100114,Auto,28192.99,7436.91,7.55,Current
800043,100116,Mortgage,128587.27,33378.73,5.89,Late
800044,100118,Personal,10060.02,4399.52,7.11,Current
800045,100122,Auto,33114.61,19426.38,8.84,Current
800046,100124,Mortgage,318004.38,253780.1,5.56,Current
800047,100124,Personal,4742.85,2094.63,9.33,Current
800048,100129,Auto,30101.58,24841.27,4.76,Current
800049,100133,Mortgage,338519.39,283715.27,4.29,Late
800050,100133,Personal,23132.99,19352.14,6.62,Current
800051,100136,Personal,4214.4,3860.88,13.29,Current
800052,100138,Mortgage,321049.4,134656.49,4.97,Current
800053,100139,Personal,16604.03,12611.04,6.73,Late
800054,100145,Auto,14989.73,8247.46,9.34,Current
800055,100147,Personal,25902.85,9958.29,6.34,Current
800056,100151,Mortgage,80668.49,33539.62,5.88,Current
800057,100152,Personal,20864.78,17178.48,5.06,Current
800058,100152,Mortgage,324556.71,247219.62,6.56,Current
800059,100154,Auto,36933.1,24881.67,6.96,Current
800060,100158,Mortgage,312668.39,160053.74,7.16,Current
800061,100160,Personal,7264.19,6993.81,8.24,Current
800062,100160,Mortgage,298817.03,239457.74,6.94,Late
800063,100161,Personal,9958.65,5469.01,9.02,Default
800064,100162,Personal,20621.3,19530.74,7.75,Current
800065,100163,Personal,27967.15,9271.49,5.12,Current
800066,100167,Personal,12044.22,6631.2,8.78,Current
800067,100169,Mortgage,292385.66,171375.97,6.72,Late
800068,100182,Personal,24788.09,18884.95,11.8,Late
800069,100184,Auto,21490.93,11958.49,5.53,Current
800070,100190,Mortgage,337499.09,284125.05,5.14,Late
800071,100191,Mortgage,100752.63,32761.56,6.72,Current
800072,100194,Personal,3534.46,1188.82,12.59,Current
800073,100195,Personal,17834.04,3354.97,11.51,Current
800074,100198,Mortgage,100970.09,79639.28,4.83,Late
800075,100199,Auto,22948.88,13901.88,8.02,Late
800076,100203,Personal,19556.67,16558.68,9.81,Current
800077,100206,Personal,4819.71,4611.08,12.37,Current
800078,100207,Personal,26605.84,23431.92,8.98,Current
800079,100207,Auto,32932.02,23570.22,4.3,Current
800080,100208,Auto,43941.17,10587.64,9.84,Current
800081,100208,Mortgage,316777.93,303194.44,3.67,Current
800082,100210,Personal,26006.85,24207.13,11.85,Current
800083,100213,Mortgage,259574.82,207301.64,4.39,Current
800084,100216,Auto,34951.59,18831.26,5.88,Current
800085,100216,Mortgage,267131.37,100601.7,4.59,Current
800086,100217,Mortgage,304560.41,260651.73,4.54,Current
800087,100220,Personal,27281.62,18252.14,7.7,Current
800088,100222,Personal,11167.44,4602.6,5.08,Current
800089,100227,Personal,25442.43,5118.81,8.65,Default
800090,100235,Personal,17588.13,7729.33,6.94,Current
800091,100238,Personal,18969.03,4372.07,8.3,Current
800092,100239,Mortgage,314975.8,51952.84,5.75,Current
800093,100239,Personal,22184.93,9850.53,12.31,Current
800094,100240,Personal,21753.45,6083.51,11.36,Current
800095,100243,Personal,14981.22,12577.65,7.39,Current
800096,100255,Auto,38562.84,22356.58,4.05,Late
800097,100257,Personal,12323.06,4424.8,7.13,Current
800098,100260,Personal,29808.15,27876.93,12.31,Current
800099,100262,Mortgage,156183.57,91387.43,4.58,Current
800100,100264,Personal,17472.55,11124.13,11.66,Current
800101,100266,Personal,14269.92,9264.07,9.9,Current
800102,100269,Auto,44734.36,13514.07,6.46,Late
800103,100272,Mortgage,340382.02,283831.87,7.44,Current
800104,100274,Auto,34207.0,12678.98,6.3,Current
800105,100277,Auto,32842.62,23203.7,9.67,Current
800106,100281,Personal,28072.36,18973.04,8.63,Current
800107,100285,Mortgage,260494.66,204100.67,6.61,Current
800108,100288,Auto,41117.94,19376.82,7.67,Current
800109,100290,Mortgage,246313.92,184281.3,5.82,Current
800110,100290,Personal,19292.28,7636.37,6.26,Current
800111,100291,Personal,12426.26,8884.61,9.09,Current
800112,100294,Mortgage,188913.71,56598.99,5.03,Current
800113,100294,Personal,6645.85,5951.76,11.78,Current
800114,100299,Personal,2487.45,610.33,13.73,Current
800115,100302,Auto,39424.93,7116.49,5.1,Late
800116,100306,Auto,40447.23,32951.06,7.34,Current
800117,100307,Mortgage,268484.71,92687.86,5.32,Current
800118,100311,Personal,7756.82,6333.03,8.0,Current
800119,100312,Personal,25174.91,17941.47,12.01,Current
800120,100313,Auto,11753.56,11387.73,8.94,Current
800121,100316,Personal,21317.02,14356.94,5.17,Current
800122,100317,Personal,7181.75,1455.48,13.06,Current
800123,100318,Mortgage,195973.06,133738.86,7.37,Current
800124,100319,Mortgage,115574.3,51778.89,3.61,Current
800125,100324,Mortgage,293476.12,229416.89,6.97,Current
800126,100325,Auto,36589.05,12962.52,8.4,Current
800127,100328,Personal,19994.99,14004.57,10.31,Default
800128,100329,Mortgage,310957.84,52570.12,6.71,Current
800129,100330,Personal,2929.56,2669.29,13.16,Current
800130,100334,Mortgage,106837.07,65107.96,6.36,Current
800131,100334,Personal,22403.82,20632.55,10.42,Current
800132,100336,Mortgage,106832.88,28558.89,4.45,Current
800133,100339,Personal,29257.22,12584.22,10.25,Current
800134,100345,Auto,14669.2,12884.9,7.9,Current
800135,100349,Personal,21235.82,3329.59,11.43,Late
800136,100351,Personal,28989.7,21195.31,10.09,Default
800137,100354,Personal,26681.35,13776.88,5.35,Current
800138,100355,Personal,2290.4,1875.12,7.87,Current
800139,100363,Auto,21117.24,18588.21,6.96,Current
800140,100365,Personal,14512.71,14133.68,13.49,Late
800141,100368,Personal,7645.64,6450.64,6.0,Current
800142,100374,Auto,16636.1,15429.56,5.99,Current
800143,100379,Mortgage,225669.66,59445.95,7.1,Current
800144,100385,Personal,25557.33,9185.45,5.45,Default
800145,100385,Auto,22545.05,17514.15,4.47,Late
800146,100387,Personal,27313.23,22277.66,11.86,Current
800147,100388,Auto,13234.86,3625.28,8.54,Current
800148,100390,Personal,16184.33,14783.98,13.68,Current
800149,100394,Personal,27947.06,10595.62,13.11,Current
800150,100396,Mortgage,158067.35,142138.4,5.56,Current
800151,100396,Auto,43353.24,14394.5,8.86,Current
800152,100398,Personal,25499.2,12607.5,8.41,Current
800153,100399,Mortgage,255601.45,231084.71,3.83,Current
800154,100401,Personal,9311.05,3607.65,8.72,Current
800155,100404,Personal,12566.64,11900.05,7.18,Current
800156,100405,Personal,7259.86,2944.27,10.45,Current
800157,100408,Mortgage,308462.89,262232.78,6.54,Current
800158,100409,Personal,25059.33,13434.27,5.34,Current
800159,100409,Mortgage,296773.64,137688.97,6.56,Late
800160,100413,Mortgage,165378.09,60987.08,4.64,Default
800161,100417,Personal,14546.81,9143.06,8.99,Current
800162,100420,Auto,31268.31,8460.08,4.63,Current
800163,100423,Mortgage,260948.0,128477.79,4.23,Late
800164,100424,Auto,28094.9,18590.71,5.23,Late
800165,100426,Auto,17883.65,17098.58,4.56,Current
800166,100427,Mortgage,151999.14,119333.56,6.45,Current
800167,100429,Auto,23948.77,15335.94,4.15,Current
800168,100431,Personal,18810.69,8992.52,10.79,Late
800169,100439,Auto,13121.25,3398.3,7.75,Current
800170,100442,Mortgage,273106.98,150716.48,4.96,Current
800171,100445,Personal,19443.11,17839.2,12.48,Current
800172,100446,Mortgage,324998.8,125833.22,4.17,Late
800173,100449,Personal,20874.08,9466.77,11.48,Current
800174,100449,Personal,2586.7,615.28,5.9,Default
800175,100450,Mortgage,178998.23,59590.28,4.33,Current
800176,100451,Personal,6156.31,1021.17,12.13,Current
800177,100452,Auto,13751.02,7527.05,4.41,Current
800178,100452,Personal,4230.32,2200.85,7.74,Current
800179,100453,Mortgage,297309.48,238372.16,4.32,Current
800180,100462,Personal,6718.04,3272.52,9.28,Current
800181,100463,Mortgage,211326.89,109412.02,6.59,Current
800182,100464,Mortgage,167702.64,121577.24,4.97,Current
800183,100466,Personal,10176.27,9425.62,12.59,Late
800184,100469,Mortgage,187780.55,146564.47,4.48,Current
800185,100476,Auto,18895.24,3503.68,4.8,Current
800186,100476,Auto,9420.66,8414.26,7.38,Current
800187,100478,Auto,40008.72,21008.61,9.29,Current
800188,100483,Personal,2421.06,604.06,11.06,Current
800189,100484,Personal,17525.08,10830.52,7.99,Current
800190,100484,Personal,25735.57,22509.24,5.52,Default
800191,100488,Personal,17441.42,14152.37,9.15,Current
800192,100490,Mortgage,106424.87,61515.73,6.43,Current
800193,100491,Personal,25822.84,16569.11,7.38,Current
800194,100493,Auto,29661.91,6403.97,7.48,Current
800195,100494,Personal,3659.25,866.42,9.75,Current
800196,100494,Mortgage,288546.45,50653.83,5.75,Current
800197,100495,Mortgage,241694.47,78103.12,7.26,Current
800198,100496,Personal,27982.16,26002.46,9.07,Current
800199,100496,Auto,41960.22,36119.05,5.58,Current
800200,100501,Personal,24685.07,17261.32,5.87,Current
800201,100501,Mortgage,301405.26,140440.85,5.53,Current
800202,100502,Mortgage,242998.7,125598.18,7.22,Current
800203,100507,Auto,40931.5,16778.72,8.81,Current
800204,100513,Personal,21269.83,15122.2,13.12,Current
800205,100519,Personal,7713.34,7476.39,9.08,Current
800206,100522,Personal,13668.57,9156.24,8.6,Current
800207,100522,Personal,2655.87,1274.72,12.85,Current
800208,100524,Auto,41424.24,16811.57,9.36,Current
800209,100526,Personal,7357.13,6318.33,5.25,Current
800210,100527,Personal,5014.75,3649.45,13.52,Current
800211,100531,Auto,19347.89,16740.9,5.29,Late
800212,100532,Auto,36638.5,33682.53,6.95,Current
800213,100533,Personal,26511.79,24691.91,10.02,Current
800214,100535,Mortgage,210302.34,87931.33,7.48,Current
800215,100535,Auto,10518.88,9648.31,7.11,Current
800216,100546,Personal,4989.02,3586.11,8.73,Current
800217,100547,Auto,11125.28,8365.0,5.21,Current
800218,100548,Auto,23871.27,16859.14,7.58,Current
800219,100551,Personal,24325.77,20015.31,11.93,Current
800220,100554,Personal,17036.43,13119.45,12.44,Current
800221,100560,Personal,22552.29,12618.03,6.88,Current
800222,100561,Personal,15651.95,3927.69,13.99,Current
800223,100564,Mortgage,223200.18,45400.88,6.92,Current
800224,100566,Personal,16130.53,15115.99,13.28,Current
800225,100567,Auto,29483.0,14048.12,8.89,Current
800226,100572,Personal,28028.16,9653.09,7.75,Current
800227,100579,Personal,28491.5,13332.84,6.77,Current
800228,100580,Personal,27177.7,18112.26,12.97,Current
800229,100583,Personal,18234.65,15119.66,8.61,Current
800230,100584,Auto,16963.11,12556.95,4.55,Current
800231,100585,Auto,8953.02,4995.38,8.75,Current
800232,100589,Auto,41817.32,28590.75,8.75,Current
800233,100590,Auto,18147.35,7064.11,5.43,Current
800234,100591,Auto,26954.92,19641.3,4.77,Current
800235,100591,Personal,27762.96,17624.9,11.85,Current
800236,100592,Personal,15289.8,12274.79,13.56,Current
800237,100599,Personal,3551.29,3270.28,10.82,Current
800238,100600,Personal,8679.34,1590.57,5.25,Current
800239,100600,Personal,7450.66,7262.55,12.83,Current
800240,100601,Auto,37004.75,30237.1,7.94,Current
800241,100604,Auto,16295.31,10959.85,6.42,Current
800242,100606,Personal,27771.08,15864.53,7.23,Late
800243,100607,Auto,23532.42,7407.95,7.98,Current
800244,100608,Auto,13174.81,8617.68,4.6,Current
800245,100611,Mortgage,333017.6,273289.71,3.62,Current
800246,100614,Personal,13877.47,13172.16,8.55,Current
800247,100616,Personal,4106.46,1700.33,10.48,Current
800248,100621,Personal,13490.1,2304.09,6.02,Current
800249,100623,Auto,26421.52,23584.42,4.63,Current
800250,100623,Personal,17224.49,3985.86,12.17,Late
800251,100624,Personal,20625.95,13651.02,12.56,Current
800252,100627,Auto,35371.58,6792.76,4.76,Current
800253,100629,Mortgage,87781.98,35257.95,4.84,Current
800254,100633,Personal,20696.95,10967.18,13.59,Current
800255,100634,Auto,36258.58,35159.13,9.84,Current
800256,100638,Mortgage,219898.49,53387.25,4.88,Current
800257,100642,Mortgage,321080.99,128160.59,5.48,Current
800258,100645,Auto,35996.4,7529.17,8.33,Default
800259,100648,Personal,12947.42,9765.69,13.5,Default
800260,100648,Auto,11691.09,7976.88,8.17,Current
800261,100650,Mortgage,218835.58,107980.85,3.88,Current
800262,100653,Personal,5794.98,4349.72,8.16,Current
800263,100661,Personal,26800.99,19592.54,5.19,Current
800264,100663,Personal,27590.33,14597.32,5.39,Current
800265,100666,Mortgage,220828.58,170906.02,3.78,Current
800266,100666,Personal,29415.59,25023.77,7.03,Current
800267,100669,Personal,27706.86,15079.53,6.93,Current
800268,100673,Personal,16617.22,5193.8,9.68,Current
800269,100673,Personal,2264.6,1792.21,12.35,Current
800270,100675,Auto,34699.94,12156.73,6.0,Current
800271,100675,Personal,15091.66,4756.55,11.79,Current
800272,100677,Personal,18812.74,16661.78,12.93,Current
800273,100683,Mortgage,85304.0,56014.73,5.57,Current
800274,100685,Mortgage,108468.75,74731.43,5.44,Current
800275,100687,Personal,14177.81,3153.39,9.65,Current
800276,100688,Personal,15712.45,3290.36,8.91,Current
800277,100689,Personal,6686.85,6149.68,9.52,Current
800278,100691,Personal,5033.85,1363.71,10.73,Current
800279,100694,Auto,24773.77,12217.69,7.79,Current
800280,100699,Auto,31385.17,22303.53,9.55,Current
800281,100699,Personal,16907.39,15690.48,9.47,Current
800282,100707,Auto,24184.99,9169.31,5.27,Current
800283,100708,Personal,10514.92,6655.04,13.47,Current
800284,100708,Mortgage,179199.2,166909.1,7.33,Current
800285,100711,Personal,9151.24,7834.05,6.23,Current
800286,100722,Mortgage,285375.22,52042.42,5.31,Current
800287,100727,Personal,17784.8,15526.32,13.22,Current
800288,100727,Personal,10689.63,8780.55,9.77,Current
800289,100733,Personal,5093.9,3886.71,9.43,Current
800290,100734,Mortgage,129689.62,86605.22,3.64,Current
800291,100735,Personal,17339.01,3339.78,11.04,Current
800292,100737,Personal,13946.52,8978.75,12.65,Late
800293,100737,Personal,15227.7,3315.01,7.8,Current
800294,100738,Personal,2882.48,1042.07,11.77,Current
800295,100741,Mortgage,330188.67,213504.64,3.57,Current
800296,100743,Auto,37304.85,36474.32,4.7,Current
800297,100746,Auto,14982.01,14099.85,5.12,Default
800298,100748,Personal,19009.75,8816.66,8.6,Current
800299,100750,Auto,17097.29,3356.39,6.41,Current
800300,100754,Auto,38393.83,23321.46,5.23,Late
800301,100755,Personal,29029.69,7229.78,6.42,Default
800302,100757,Personal,13916.1,8617.28,5.33,Current
800303,100758,Mortgage,187484.08,178050.07,7.32,Current
800304,100763,Personal,20054.61,8992.09,12.96,Current
800305,100768,Personal,15344.35,3401.48,9.91,Current
800306,100768,Personal,26955.69,14999.31,5.89,Current
800307,100771,Personal,23567.71,10144.34,7.67,Current
800308,100773,Personal,14951.94,8890.6,6.01,Current
800309,100775,Personal,12063.01,11764.98,6.34,Current
800310,100777,Personal,22724.62,9007.47,5.6,Current
800311,100778,Mortgage,340711.32,226887.79,5.01,Current
800312,100778,Auto,35326.85,14526.75,7.8,Current
800313,100782,Auto,13429.7,7214.73,9.3,Current
800314,100784,Auto,11770.55,5427.71,9.75,Current
800315,100785,Mortgage,183369.05,112377.13,4.08,Current
800316,100788,Auto,21367.37,18246.41,6.49,Current
800317,100790,Auto,13026.26,7575.83,6.14,Current
800318,100791,Personal,7486.17,7041.5,5.55,Current
800319,100792,Mortgage,152095.68,132847.78,7.02,Current
800320,100798,Mortgage,82694.08,66279.73,4.53,Current
800321,100801,Auto,15613.18,10768.04,5.28,Current
800322,100806,Auto,38053.59,29842.45,6.5,Late
800323,100815,Personal,26535.54,19044.39,8.09,Current
800324,100815,Personal,16639.98,7846.5,7.21,Current
800325,100816,Auto,11332.17,6051.83,6.15,Late
800326,100821,Personal,22396.05,16599.39,12.9,Current
800327,100824,Auto,19651.86,17455.15,4.37,Late
800328,100833,Personal,2602.66,1101.66,9.1,Current
800329,100835,Auto,44222.65,15277.46,5.52,Current
800330,100838,Personal,22204.31,7681.67,7.93,Current
800331,100839,Personal,25792.18,13955.26,10.36,Current
800332,100839,Mortgage,88502.55,76853.03,4.14,Current
800333,100844,Auto,8334.97,3674.18,5.26,Current
800334,100845,Mortgage,238986.08,53325.41,4.81,Current
800335,100847,Personal,9347.23,8863.28,7.71,Current
800336,100850,Personal,26152.79,12753.36,11.13,Default
800337,100851,Personal,29491.64,6406.49,5.22,Current
800338,100851,Mortgage,172731.25,149783.04,6.21,Current
800339,100852,Personal,24287.21,7075.06,12.22,Current
800340,100853,Personal,29778.83,5703.39,8.5,Current
800341,100864,Personal,17930.09,10931.4,12.51,Current
800342,100865,Personal,5630.67,5005.59,12.5,Current
800343,100868,Personal,15433.49,2916.29,5.46,Current
800344,100872,Personal,19472.54,9039.05,9.56,Current
800345,100876,Personal,27710.73,26517.51,12.41,Current
800346,100878,Personal,26216.28,20154.6,13.97,Current
800347,100880,Auto,30386.44,14288.52,7.24,Current
800348,100884,Personal,5520.36,1200.65,6.34,Current
800349,100884,Personal,22503.53,12857.47,10.39,Default
800350,100887,Personal,29729.55,15528.8,13.17,Current
800351,100888,Personal,18105.8,11518.49,7.0,Current
800352,100890,Personal,6030.36,1597.42,9.5,Current
800353,100891,Personal,5768.17,3530.66,7.51,Current
800354,100892,Mortgage,171753.92,58498.05,4.53,Late
800355,100892,Auto,13953.09,5111.52,6.44,Current
800356,100897,Personal,21951.82,12203.97,8.44,Current
800357,100898,Personal,24150.81,22178.42,13.56,Current
800358,100901,Auto,18602.29,6573.18,8.56,Current
800359,100902,Mortgage,166455.45,57840.5,5.7,Current
800360,100906,Auto,19767.86,11909.13,5.52,Current
800361,100906,Auto,18886.83,5712.13,4.93,Current
800362,100911,Personal,22224.38,6015.22,6.56,Late
800363,100915,Personal,21803.91,11843.42,10.96,Current
800364,100915,Auto,21857.21,6141.54,4.5,Current
800365,100918,Personal,17946.74,9274.9,9.22,Current
800366,100920,Personal,23805.58,13683.49,11.88,Current
800367,100920,Personal,2708.26,1280.53,7.5,Current
800368,100926,Auto,28911.19,17920.49,9.36,Late
800369,100927,Personal,3375.37,2133.18,6.0,Current
800370,100928,Personal,12655.01,10946.27,9.82,Current
800371,100933,Auto,42642.91,23996.12,4.23,Current
800372,100933,Auto,39696.48,37956.61,8.72,Current
800373,100938,Personal,25867.5,21269.1,5.48,Current
800374,100942,Mortgage,86897.68,76101.29,4.41,Current
800375,100943,Mortgage,148547.54,110120.0,7.37,Current
800376,100949,Personal,24677.58,6171.08,6.89,Current
800377,100957,Personal,18226.08,15776.05,6.42,Late
800378,100959,Personal,15771.12,9812.27,8.9,Current
800379,100959,Personal,29275.61,27390.72,7.53,Current
800380,100960,Mortgage,306712.23,70319.93,4.71,Current
800381,100961,Mortgage,256459.46,153538.57,6.63,Current
800382,100962,Personal,15999.98,7203.0,6.61,Current
800383,100963,Auto,39521.59,25268.72,9.25,Current
800384,100965,Mortgage,217249.32,63710.36,5.01,Current
800385,100966,Personal,28575.89,14743.14,9.76,Current
800386,100967,Auto,24061.57,3873.5,5.72,Current
800387,100970,Personal,24272.95,18084.74,9.61,Current
800388,100973,Auto,23397.79,3685.44,7.89,Current
800389,100975,Personal,25307.24,14930.33,8.12,Current
800390,100975,Personal,4623.54,1299.14,7.31,Late
800391,100979,Personal,23689.8,10587.09,13.64,Current
800392,100982,Mortgage,107229.57,67819.17,5.48,Current
800393,100983,Personal,14708.05,11431.11,13.48,Current
800394,100983,Personal,27240.56,25505.92,6.74,Late
800395,100985,Auto,23644.83,14464.39,6.33,Current
800396,100989,Mortgage,317533.1,181183.48,6.52,Current
800397,100992,Personal,2775.69,691.54,9.52,Current
800398,100999,Personal,23350.28,12548.32,5.87,Current
800399,100999,Mortgage,308391.45,116417.38,4.46,Current
800400,101001,Personal,7058.67,5714.45,8.04,Current
800401,101005,Personal,27228.6,20437.02,12.1,Current
800402,101007,Personal,19899.52,6531.73,11.07,Current
800403,101017,Personal,21705.02,13203.1,12.87,Current
800404,101018,Personal,3093.88,1958.92,8.09,Current
800405,101019,Personal,15373.62,3308.09,12.87,Current
800406,101020,Auto,32779.24,30042.16,7.64,Current
800407,101021,Auto,31921.42,29895.21,6.57,Current
800408,101026,Auto,12277.71,10541.64,7.99,Current
800409,101031,Personal,14949.47,3404.83,12.06,Current
800410,101031,Personal,2922.92,1879.16,10.36,Current
800411,101032,Mortgage,313906.32,298107.16,5.61,Current
800412,101033,Mortgage,258917.49,152925.33,7.31,Late
800413,101037,Personal,25909.14,7667.63,10.27,Current
800414,101038,Personal,29027.87,28222.33,10.37,Current
800415,101042,Personal,9330.71,6903.55,11.59,Current
800416,101043,Personal,13209.35,9386.08,5.67,Current
800417,101046,Mortgage,97980.88,36226.49,4.41,Current
800418,101052,Mortgage,333512.23,80973.17,5.03,Late
800419,101054,Personal,20111.77,7026.36,7.72,Current
800420,101054,Personal,28891.68,14467.6,8.95,Late
800421,101055,Personal,18437.87,17379.13,9.57,Default
800422,101055,Personal,6633.47,6226.23,9.98,Current
800423,101057,Personal,17807.77,11564.16,5.21,Current
800424,101059,Personal,25385.19,6512.59,11.52,Current
800425,101059,Personal,4761.8,2148.7,12.56,Current
800426,101063,Personal,4604.56,4426.15,8.53,Current
800427,101065,Personal,4909.06,4650.14,7.69,Current
800428,101065,Personal,3967.17,1159.33,13.74,Current
800429,101068,Personal,18283.96,16100.22,5.87,Current
800430,101069,Personal,27354.69,11679.97,6.25,Current
800431,101070,Mortgage,272329.42,146500.68,4.94,Current
800432,101075,Auto,22943.45,6495.72,6.87,Current
800433,101078,Personal,22868.35,11137.63,10.3,Late
800434,101080,Auto,35541.86,7512.37,6.15,Current
800435,101084,Mortgage,164689.1,160605.82,5.24,Current
800436,101086,Mortgage,133684.58,66416.43,7.07,Current
800437,101086,Personal,25320.42,9183.76,8.36,Current
800438,101088,Personal,6363.94,2054.72,8.86,Current
800439,101093,Auto,44353.38,29341.04,8.99,Current
800440,101093,Mortgage,264401.71,195342.05,7.24,Current
800441,101095,Auto,41287.75,6957.47,8.56,Current
800442,101102,Mortgage,153549.74,108862.4,4.31,Current
800443,101105,Personal,15505.72,11461.69,6.19,Default
800444,101116,Personal,14035.5,9457.07,12.7,Late
800445,101119,Personal,27762.2,10794.32,8.1,Current
800446,101125,Personal,15860.08,11211.57,12.36,Default
800447,101125,Auto,26836.43,23675.19,7.49,Current
800448,101129,Auto,31125.7,18612.94,5.92,Current
800449,101129,Personal,13774.33,10881.04,6.28,Current
800450,101132,Personal,7189.94,6409.51,13.4,Current
800451,101136,Auto,26320.29,12433.11,9.37,Current
800452,101139,Auto,28526.32,19827.98,5.86,Late
800453,101142,Personal,29798.1,27901.47,6.97,Current
800454,101145,Personal,22865.62,22362.87,11.31,Current
800455,101147,Personal,28210.81,15225.14,9.56,Current
800456,101149,Auto,11683.84,4593.6,4.61,Current
800457,101150,Personal,10543.01,7517.62,10.67,Current
800458,101153,Auto,29401.6,16415.37,6.99,Current
800459,101154,Mortgage,343117.58,320992.44,5.12,Current
800460,101163,Personal,5776.07,2777.12,8.37,Current
800461,101164,Auto,43884.16,24576.49,9.27,Current
800462,101165,Auto,39106.56,13134.93,9.91,Late
800463,101171,Mortgage,135866.11,26586.94,4.99,Current
800464,101174,Personal,28444.56,10074.49,9.62,Current
800465,101174,Personal,22164.42,16835.47,9.32,Current
800466,101177,Personal,21930.28,11383.53,10.24,Current
800467,101178,Mortgage,129140.91,61600.2,7.04,Current
800468,101181,Mortgage,333206.05,96563.01,6.74,Current
800469,101183,Mortgage,104434.81,28730.17,4.59,Current
800470,101183,Mortgage,151599.34,44755.68,6.63,Current
800471,101184,Mortgage,278935.25,265585.52,4.32,Current
800472,101189,Mortgage,263641.96,207110.77,6.77,Late
800473,101191,Personal,15521.1,3802.71,9.48,Current
800474,101200,Mortgage,115362.66,98397.73,4.66,Current
800475,101204,Mortgage,105732.25,100048.55,7.24,Current
800476,101208,Personal,12372.93,10949.74,11.71,Current
800477,101213,Personal,29140.78,19683.18,13.58,Current
800478,101213,Auto,23886.91,3693.16,5.73,Current
800479,101221,Auto,11584.73,9739.59,7.96,Current
800480,101222,Mortgage,326344.76,291149.01,4.75,Current
800481,101230,Mortgage,110014.02,94943.95,3.79,Current
800482,101231,Mortgage,136473.14,123272.47,4.08,Current
800483,101232,Personal,9684.97,5838.89,13.88,Current
800484,101235,Auto,38048.58,6067.92,8.81,Current
800485,101242,Personal,13192.89,6335.4,9.6,Current
800486,101243,Personal,12210.16,3175.92,9.58,Current
800487,101245,Personal,23116.83,21718.45,6.75,Current
800488,101247,Personal,4301.22,1171.0,5.22,Current
800489,101251,Mortgage,142276.27,50864.42,6.67,Current
800490,101260,Auto,34098.41,28626.73,5.06,Current
800491,101261,Auto,35955.34,10226.52,5.86,Current
800492,101261,Personal,19692.51,15887.79,6.69,Current
800493,101264,Auto,40826.03,35389.58,6.08,Current
800494,101265,Mortgage,113700.65,110123.94,5.32,Current
800495,101267,Personal,21993.41,14890.43,9.05,Current
800496,101269,Mortgage,287034.1,244187.2,4.09,Current
800497,101270,Personal,14517.65,4695.59,13.43,Current
800498,101281,Personal,18710.74,11063.77,6.87,Default
800499,101282,Personal,18307.23,16459.71,7.17,Current
800500,101284,Personal,7645.43,3078.28,12.96,Current
800501,101287,Auto,41018.7,32503.42,8.61,Current
800502,101288,Mortgage,276292.4,83686.95,7.01,Current
800503,101289,Personal,4874.04,2102.46,10.18,Current
800504,101290,Personal,8332.15,3893.52,8.65,Late
800505,101291,Mortgage,159882.84,125094.91,5.42,Current
800506,101297,Personal,16906.15,7510.01,12.02,Current
800507,101299,Personal,19406.1,15404.52,6.29,Current
800508,101305,Personal,20869.89,14438.94,12.88,Current
800509,101308,Auto,36213.07,26626.36,4.72,Current
800510,101309,Auto,24900.27,6954.93,9.05,Current
800511,101310,Personal,22106.12,10999.11,9.71,Current
800512,101310,Personal,5420.58,4481.6,10.31,Current
800513,101311,Auto,37690.73,9790.26,5.18,Late
800514,101312,Auto,26462.94,22869.81,5.13,Current
800515,101314,Auto,15686.48,11771.54,7.6,Current
800516,101314,Auto,16922.49,5435.07,8.91,Current
800517,101317,Mortgage,309753.86,74365.98,6.05,Current
800518,101319,Personal,22852.74,3623.55,5.49,Current
800519,101324,Personal,6780.35,6416.7,9.3,Current
800520,101325,Mortgage,278883.98,132925.11,5.71,Current
800521,101327,Auto,30071.4,14773.4,8.96,Current
800522,101328,Personal,5969.23,2912.81,8.84,Late
800523,101329,Mortgage,86047.62,66297.61,6.1,Current
800524,101330,Mortgage,312025.65,95243.8,6.42,Current
800525,101330,Auto,11753.0,11081.23,9.74,Current
800526,101331,Personal,14340.6,7747.88,11.19,Current
800527,101332,Auto,42151.61,34463.16,4.58,Current
800528,101334,Personal,23021.69,10075.18,6.5,Current
800529,101336,Auto,21547.51,7939.33,4.99,Current
800530,101336,Mortgage,277616.12,181841.97,6.69,Current
800531,101338,Personal,19020.03,16149.95,13.84,Current
800532,101345,Auto,10295.13,8027.31,7.96,Current
800533,101346,Personal,25768.66,5502.61,12.88,Current
800534,101347,Personal,23919.04,14195.05,8.88,Current
800535,101349,Auto,16072.33,12498.1,4.18,Current
800536,101350,Mortgage,273901.92,102442.27,6.69,Current
800537,101357,Auto,8133.73,2545.37,5.91,Current
800538,101359,Personal,29746.93,25218.52,5.59,Default
800539,101362,Personal,18332.98,3200.25,13.48,Current
800540,101368,Auto,14728.64,7871.19,7.21,Current
800541,101378,Personal,22421.6,14879.1,13.88,Current
800542,101379,Auto,40591.76,39255.41,7.08,Current
800543,101380,Personal,8825.97,5217.22,5.16,Current
800544,101385,Personal,14364.83,8828.01,5.47,Current
800545,101388,Personal,21677.58,19190.87,6.05,Current
800546,101389,Personal,13445.36,7205.64,5.55,Current
800547,101390,Mortgage,286185.54,274341.98,4.94,Current
800548,101394,Personal,6812.88,3435.8,13.02,Current
800549,101399,Auto,20026.42,4166.5,5.28,Current
800550,101401,Mortgage,267462.43,167367.59,6.72,Late
800551,101403,Auto,35802.51,20513.15,5.92,Current
800552,101405,Personal,22102.3,20812.95,5.35,Current
800553,101406,Auto,29688.54,17399.8,8.17,Current
800554,101406,Personal,7433.05,3426.99,7.26,Current
800555,101407,Personal,3206.44,1431.58,7.46,Current
800556,101412,Auto,18028.57,14546.03,4.34,Current
800557,101415,Mortgage,315268.0,302737.98,4.23,Current
800558,101422,Personal,17637.18,13664.47,11.36,Current
800559,101422,Personal,19340.67,16025.44,7.34,Current
800560,101424,Personal,5566.61,1813.82,10.03,Current
800561,101429,Personal,18596.6,5452.71,9.33,Current
800562,101430,Auto,31087.36,13415.04,5.08,Current
800563,101434,Mortgage,326754.59,288682.42,3.72,Current
800564,101435,Personal,10252.0,7145.47,6.52,Current
800565,101438,Auto,9921.16,6262.45,9.93,Current
800566,101443,Personal,28976.69,11950.71,8.21,Current
800567,101447,Mortgage,272524.6,192830.32,5.87,Current
800568,101451,Personal,22398.76,5143.9,13.93,Current
800569,101453,Mortgage,159166.18,104109.46,6.14,Current
800570,101454,Personal,15449.78,10668.1,6.68,Current
800571,101458,Mortgage,213975.25,157048.24,4.85,Current
800572,101458,Personal,14206.93,11451.72,7.43,Current
800573,101461,Auto,22571.25,13168.98,8.28,Current
800574,101464,Personal,5714.88,2633.42,12.29,Current
800575,101466,Auto,15027.55,3498.95,8.51,Current
800576,101474,Auto,43577.84,15925.47,8.32,Current
800577,101475,Auto,15958.41,6392.11,5.4,Current
800578,101477,Personal,20863.71,6010.77,12.58,Current
800579,101479,Personal,7760.53,7010.62,8.01,Current
800580,101486,Personal,6249.0,4618.73,6.32,Current
800581,101492,Personal,7061.79,2500.73,9.96,Current
800582,101496,Personal,13802.87,3010.14,12.17,Current
800583,101496,Personal,11820.47,9991.29,12.74,Current
800584,101497,Mortgage,150824.18,84845.37,4.23,Current
800585,101499,Mortgage,257749.56,88321.4,3.8,Current
800586,101502,Personal,27654.73,18248.02,9.79,Current
800587,101503,Auto,25651.76,5717.01,7.13,Current
800588,101504,Personal,18886.38,17892.8,8.74,Current
800589,101507,Personal,27958.23,22918.26,5.86,Current
800590,101510,Personal,29482.86,5637.41,9.25,Current
800591,101514,Personal,22593.28,8288.16,12.42,Current
800592,101515,Personal,11509.8,4577.53,7.45,Current
800593,101525,Personal,21214.04,5597.03,11.04,Current
800594,101528,Auto,11064.69,5695.28,8.01,Current
800595,101530,Mortgage,280064.1,209545.32,4.55,Current
800596,101533,Personal,16452.16,15318.13,8.27,Current
800597,101535,Mortgage,143299.1,100003.57,7.5,Current
800598,101536,Personal,29186.98,22502.45,6.3,Current
800599,101540,Auto,32172.46,26616.05,5.68,Current
800600,101544,Mortgage,276037.67,178353.56,4.19,Current
800601,101544,Auto,24592.55,4725.29,9.01,Current
800602,101547,Mortgage,313342.01,246935.43,7.14,Current
800603,101549,Personal,7058.46,1768.88,6.26,Current
800604,101552,Auto,20895.53,6700.52,7.98,Current
800605,101554,Auto,16134.94,7982.27,7.4,Late
800606,101559,Mortgage,234046.32,135420.78,7.36,Current
800607,101559,Mortgage,273290.76,228763.52,4.94,Current
800608,101561,Mortgage,315943.07,238435.1,5.1,Current
800609,101564,Auto,36660.13,26028.01,6.3,Late
800610,101564,Personal,25254.45,12641.25,10.24,Current
800611,101568,Mortgage,196885.05,188589.42,3.88,Current
800612,101570,Personal,26063.91,10573.02,11.73,Current
800613,101575,Auto,39427.22,31617.2,8.89,Current
800614,101580,Auto,11828.27,1802.12,7.18,Current
800615,101585,Personal,16534.08,10760.3,11.86,Current
800616,101585,Personal,28866.41,22117.09,13.14,Current
800617,101586,Personal,20923.74,19174.61,5.64,Current
800618,101592,Personal,14248.74,5252.69,10.62,Current
800619,101592,Auto,38503.68,31338.91,5.36,Late
800620,101595,Mortgage,85396.54,23372.05,6.87,Current
800621,101600,Personal,27851.7,15450.9,6.5,Current
800622,101605,Personal,25578.67,20723.37,11.75,Current
800623,101609,Auto,44594.39,17040.14,6.66,Current
800624,101610,Personal,28480.23,11831.44,9.73,Current
800625,101611,Mortgage,167321.76,106640.56,4.21,Current
800626,101611,Mortgage,301562.25,253878.24,7.06,Current
800627,101618,Personal,26501.55,16438.71,13.44,Current
800628,101620,Mortgage,172680.48,145012.76,6.44,Current
800629,101621,Personal,10323.82,6170.4,5.42,Current
800630,101622,Auto,11669.28,4089.29,5.44,Current
800631,101625,Personal,22962.63,16226.51,11.29,Current
800632,101626,Auto,35105.29,26435.01,8.87,Current
800633,101626,Mortgage,285679.43,44285.87,7.28,Current
800634,101633,Auto,18363.12,11146.57,5.43,Late
800635,101634,Personal,11110.73,4605.38,11.25,Current
800636,101640,Mortgage,319121.53,212938.05,4.5,Current
800637,101641,Personal,7838.52,6712.4,9.72,Current
800638,101658,Personal,13246.06,3820.87,11.99,Current
800639,101660,Personal,25342.15,24811.13,8.42,Current
800640,101664,Personal,24208.94,16491.28,9.79,Current
800641,101665,Personal,13676.85,3394.0,13.68,Current
800642,101666,Auto,34895.62,9058.79,8.5,Current
800643,101667,Personal,16444.64,10460.31,8.98,Current
800644,101673,Personal,24426.22,16282.57,13.05,Current
800645,101680,Personal,20454.58,9549.18,8.52,Current
800646,101686,Auto,24345.8,9053.65,8.56,Current
800647,101689,Personal,22530.82,21924.82,7.76,Current
800648,101692,Personal,4286.63,3744.83,11.84,Current
800649,101692,Auto,30671.51,16561.01,4.57,Late
800650,101693,Personal,17341.9,7708.28,12.82,Current
800651,101693,Personal,25545.74,10858.05,9.22,Current
800652,101694,Personal,4021.71,3788.0,13.16,Current
800653,101697,Personal,23570.87,10156.24,8.31,Current
800654,101699,Auto,19630.62,5778.64,8.01,Current
800655,101700,Personal,7918.19,5010.1,10.39,Current
800656,101704,Auto,16173.05,15670.48,7.82,Current
800657,101708,Personal,23679.02,13959.92,7.91,Current
800658,101709,Auto,26694.75,18118.56,8.16,Current
800659,101710,Personal,7832.35,1413.5,9.34,Current
800660,101711,Mortgage,336801.9,322225.62,6.14,Current
800661,101715,Mortgage,221264.12,40630.66,4.49,Current
800662,101718,Personal,24280.98,18110.48,12.3,Late
800663,101720,Mortgage,257003.68,222452.17,5.27,Current
800664,101722,Mortgage,327942.63,99484.11,6.64,Current
800665,101723,Mortgage,113652.94,98705.35,5.42,Current
800666,101724,Personal,18618.16,10956.11,12.69,Current
800667,101724,Auto,22861.35,3879.39,8.95,Current
800668,101730,Personal,9214.78,2828.95,9.55,Current
800669,101735,Auto,13839.95,5099.73,4.67,Current
800670,101736,Auto,18892.63,3655.28,8.63,Current
800671,101740,Personal,18270.12,8649.73,10.61,Late
800672,101742,Personal,23218.79,10355.62,11.62,Current
800673,101744,Mortgage,200106.14,122700.45,4.32,Current
800674,101746,Personal,13687.87,11669.14,8.73,Current
800675,101749,Auto,36788.74,10502.87,8.77,Current
800676,101751,Mortgage,341303.41,53629.78,4.85,Current
800677,101752,Personal,25498.16,3998.71,8.38,Current
800678,101753,Personal,8656.76,2070.53,8.57,Current
800679,101758,Auto,23363.59,14501.14,8.39,Current
800680,101767,Personal,12348.01,10923.56,11.52,Current
800681,101769,Mortgage,324576.76,269291.96,4.73,Current
800682,101770,Mortgage,83974.04,41496.04,6.0,Current
800683,101772,Mortgage,244959.68,180296.08,5.41,Current
800684,101773,Personal,6150.07,5524.87,11.45,Current
800685,101777,Mortgage,103748.95,78092.01,4.4,Current
800686,101794,Personal,4024.24,2935.29,10.1,Current
800687,101801,Mortgage,106694.34,59470.43,4.49,Current
800688,101804,Mortgage,260632.7,57524.66,5.65,Late
800689,101806,Mortgage,245441.76,145403.62,4.51,Late
800690,101806,Personal,12937.76,3898.02,7.77,Late
800691,101807,Personal,7109.86,6434.43,8.82,Current
800692,101807,Personal,14245.39,13098.93,13.13,Late
800693,101808,Auto,9127.52,6649.38,8.03,Current
800694,101809,Auto,13121.56,9578.23,4.95,Current
800695,101810,Personal,9900.75,7944.92,11.84,Current
800696,101812,Mortgage,342442.26,272143.48,4.59,Current
800697,101827,Personal,5612.83,2685.34,11.05,Current
800698,101829,Personal,28157.8,22106.5,10.48,Current
800699,101838,Mortgage,342715.01,176876.94,7.28,Current
800700,101842,Personal,13849.0,4384.88,11.1,Current
800701,101843,Personal,7666.08,5960.48,12.5,Current
800702,101843,Auto,32530.51,19294.92,8.96,Current
800703,101850,Auto,39084.83,13666.77,6.83,Current
800704,101853,Auto,12275.51,10916.09,4.29,Current
800705,101856,Mortgage,114111.96,69979.6,3.92,Current
800706,101868,Mortgage,89116.42,41321.62,5.97,Current
800707,101872,Personal,11319.62,3763.26,6.42,Current
800708,101874,Auto,43342.97,26624.7,8.8,Current
800709,101878,Mortgage,146693.28,110646.69,4.08,Current
800710,101881,Personal,7938.89,6784.05,13.07,Current
800711,101886,Personal,22574.62,11973.57,8.12,Current
800712,101887,Personal,14012.63,12924.66,5.52,Current
800713,101890,Personal,26802.69,10937.7,9.91,Current
800714,101891,Auto,22266.06,18245.73,5.73,Current
800715,101896,Personal,2995.98,2569.94,12.42,Current
800716,101902,Mortgage,155534.65,51756.5,6.01,Current
800717,101904,Personal,5465.64,5095.34,11.16,Current
800718,101906,Personal,10156.52,3749.3,10.84,Current
800719,101907,Personal,3552.86,2104.53,5.9,Late
800720,101911,Personal,25669.33,7995.98,12.93,Current
800721,101916,Personal,17199.51,7314.41,8.12,Current
800722,101924,Personal,3769.27,1217.59,7.71,Current
800723,101924,Personal,8974.24,6785.85,5.92,Late
800724,101927,Personal,15706.84,12570.82,10.98,Current
800725,101928,Auto,20642.54,3222.54,4.24,Current
800726,101930,Auto,14962.9,12985.17,5.13,Late
800727,101934,Personal,17078.72,10624.91,6.99,Current
800728,101939,Auto,17522.51,16229.19,8.66,Current
800729,101940,Mortgage,94501.08,45958.05,6.49,Current
800730,101940,Auto,19841.11,4530.12,8.86,Current
800731,101942,Auto,12912.14,4640.7,7.26,Current
800732,101947,Personal,26712.4,8473.51,8.57,Current
800733,101947,Personal,14713.98,5847.58,9.05,Current
800734,101951,Personal,21110.81,7848.07,11.69,Current
800735,101961,Personal,28543.58,14974.52,11.08,Late
800736,101962,Personal,5692.21,3646.06,6.35,Current
800737,101966,Auto,43421.05,12913.65,5.16,Current
800738,101968,Auto,37347.68,23626.68,5.89,Current
800739,101968,Personal,19771.62,9679.54,7.58,Current
800740,101984,Personal,13605.09,3679.41,10.81,Current
800741,101985,Personal,3398.94,2625.06,10.39,Current
800742,101988,Personal,8291.89,2820.51,10.07,Current
800743,101988,Personal,18823.15,13580.17,13.97,Current
800744,101990,Auto,43129.0,15186.01,5.61,Current
800745,101995,Personal,2432.83,663.25,11.15,Current
800746,101996,Auto,17881.44,10785.31,8.03,Current
800747,101997,Auto,34671.45,28282.03,7.04,Current
800748,102002,Personal,27510.61,15028.08,8.11,Current
800749,102006,Personal,28880.16,18132.42,7.8,Current
800750,102012,Personal,13909.21,3034.45,11.03,Current
800751,102016,Mortgage,104114.55,57607.76,7.45,Current
800752,102023,Mortgage,240510.6,186007.12,4.38,Current
800753,102026,Mortgage,165630.09,143862.83,4.29,Current
800754,102027,Personal,16355.82,9272.26,12.46,Current
800755,102027,Mortgage,179694.7,167949.26,4.15,Current
800756,102030,Mortgage,149150.16,46076.75,7.08,Current
800757,102034,Auto,38540.48,29821.82,4.82,Current
800758,102039,Personal,18016.6,7748.37,6.53,Current
800759,102040,Mortgage,127990.02,59268.48,3.61,Current
800760,102043,Auto,36731.5,30857.67,6.38,Current
800761,102044,Personal,25039.56,11981.46,7.43,Current
800762,102044,Auto,23775.26,10041.45,6.69,Current
800763,102045,Mortgage,302872.62,90265.19,4.72,Current
800764,102046,Mortgage,342875.89,167773.63,6.92,Current
800765,102050,Personal,7130.77,1563.24,9.87,Current
800766,102052,Personal,22399.22,16167.12,5.22,Current
800767,102063,Personal,20750.24,8179.52,5.81,Default
800768,102066,Personal,6509.6,2232.31,8.43,Current
800769,102066,Personal,27637.02,8472.04,7.62,Current
800770,102074,Personal,8923.81,7424.09,13.33,Current
800771,102074,Personal,18408.11,15011.32,8.39,Late
800772,102076,Personal,13679.85,6252.12,11.34,Current
800773,102078,Personal,2950.21,2835.88,12.12,Late
800774,102078,Personal,28095.64,12478.94,6.01,Current
800775,102080,Mortgage,182805.72,76821.78,6.66,Current
800776,102083,Personal,21073.9,9973.18,6.03,Current
800777,102085,Personal,6662.93,5947.4,6.2,Current
800778,102087,Personal,10016.85,9789.46,13.72,Current
800779,102091,Personal,19404.69,14305.51,9.62,Late
800780,102092,Auto,21216.96,16967.49,7.35,Current
800781,102094,Mortgage,201910.9,42510.78,6.04,Current
800782,102094,Personal,24045.55,5267.33,5.55,Current
800783,102095,Personal,15127.57,8438.99,5.42,Current
800784,102098,Mortgage,341350.86,297686.97,6.48,Current
800785,102101,Personal,3839.75,3072.49,9.11,Current
800786,102104,Personal,27572.33,17335.78,12.71,Current
800787,102104,Mortgage,97816.3,65091.02,3.89,Current
800788,102114,Personal,20562.68,9904.68,10.43,Current
800789,102116,Personal,25043.62,5376.59,13.16,Current
800790,102117,Personal,17151.08,13261.57,8.49,Current
800791,102123,Personal,18205.19,17277.41,11.06,Current
800792,102126,Personal,13122.98,2232.43,5.56,Current
800793,102128,Auto,43466.07,33413.63,4.34,Current
800794,102128,Personal,28210.33,17327.33,11.31,Current
800795,102130,Auto,29028.08,7145.22,8.05,Current
800796,102133,Auto,27390.26,12494.57,9.14,Current
800797,102133,Personal,28504.64,25665.03,6.09,Current
800798,102134,Personal,8291.75,7602.41,8.62,Current
800799,102135,Personal,2532.35,416.07,6.68,Current
800800,102138,Personal,3377.07,2450.26,13.35,Current
800801,102139,Auto,40515.12,6263.61,7.88,Current
800802,102139,Personal,5416.87,3404.25,12.3,Current
800803,102140,Auto,27531.16,21136.06,7.49,Current
800804,102140,Auto,14474.93,9379.49,6.51,Current
800805,102143,Mortgage,240968.1,148928.71,4.01,Current
800806,102148,Auto,15668.79,8692.26,4.92,Current
800807,102150,Personal,8990.52,4300.93,9.25,Current
800808,102151,Personal,7787.65,7529.46,12.23,Default
800809,102153,Auto,44489.19,26102.79,7.29,Current
800810,102154,Mortgage,208418.98,100377.55,3.62,Current
800811,102156,Personal,17173.57,7821.27,11.46,Current
800812,102156,Auto,9749.14,5255.58,4.2,Current
800813,102158,Personal,22550.0,5936.63,10.41,Current
800814,102158,Mortgage,98667.61,46707.28,4.26,Current
800815,102159,Mortgage,276876.96,84515.78,7.23,Current
800816,102164,Auto,28429.05,5374.62,6.31,Current
800817,102165,Personal,6148.81,3221.85,13.71,Late
800818,102166,Auto,44625.26,40110.6,8.2,Current
800819,102167,Auto,14285.0,11137.79,5.02,Current
800820,102169,Personal,5306.35,1527.6,10.93,Current
800821,102171,Personal,4309.92,2523.36,7.78,Current
800822,102174,Personal,8643.85,2396.48,8.3,Current
800823,102174,Personal,28730.59,23306.15,10.08,Current
800824,102175,Personal,19462.44,6751.45,13.2,Current
800825,102177,Auto,38554.77,12302.02,4.54,Current
800826,102178,Personal,14025.58,8646.51,6.66,Current
800827,102180,Mortgage,85549.95,60928.58,4.42,Current
800828,102181,Auto,28659.28,5617.29,6.33,Current
800829,102182,Auto,25141.11,8239.91,5.52,Current
800830,102192,Personal,12262.15,10814.75,10.38,Current
800831,102198,Personal,26988.69,14463.31,11.49,Current
800832,102199,Mortgage,247943.7,112856.11,4.37,Current
800833,102204,Auto,41590.83,18617.29,4.67,Current
800834,102206,Personal,18896.26,17118.66,12.9,Current
800835,102207,Personal,18759.31,7767.96,6.21,Current
800836,102208,Mortgage,262363.08,128126.56,4.48,Current
800837,102211,Personal,12481.15,11113.57,13.68,Current
800838,102214,Mortgage,159423.14,28079.91,6.59,Current
800839,102221,Personal,16472.45,10900.57,7.21,Current
800840,102221,Mortgage,151643.69,144159.85,6.71,Current
800841,102222,Personal,17235.49,7565.12,5.44,Current
800842,102226,Personal,6146.73,1035.56,8.17,Current
800843,102227,Mortgage,174878.91,154680.1,7.11,Current
800844,102228,Personal,14084.6,4905.35,5.72,Current
800845,102231,Auto,34306.42,21771.42,8.87,Current
800846,102233,Mortgage,249468.96,83763.0,5.87,Current
800847,102234,Auto,9679.17,2163.05,5.87,Current
800848,102235,Personal,2562.25,854.37,8.59,Current
800849,102256,Mortgage,313533.18,136077.52,5.39,Current
800850,102257,Personal,24673.29,17046.65,8.73,Late
800851,102260,Auto,21713.81,10182.12,7.65,Current
800852,102264,Personal,28043.1,25676.79,10.38,Current
800853,102265,Personal,15633.25,4599.8,13.98,Current
800854,102266,Personal,16758.34,8520.94,11.01,Late
800855,102268,Personal,10274.05,3124.82,6.91,Current
800856,102270,Personal,16606.75,6227.89,6.77,Current
800857,102274,Personal,5298.46,1256.43,7.78,Current
800858,102277,Auto,11034.4,1855.56,4.96,Late
800859,102279,Mortgage,131286.26,126724.54,4.45,Current
800860,102281,Mortgage,262394.43,45014.64,4.9,Current
800861,102288,Personal,17575.72,12957.56,7.01,Current
800862,102289,Auto,23551.16,7574.64,4.25,Late
800863,102290,Personal,23191.73,17249.75,10.2,Current
800864,102303,Auto,42187.46,31141.95,7.63,Current
800865,102307,Mortgage,230557.82,181304.37,4.51,Current
800866,102310,Auto,32801.25,15219.21,7.56,Current
800867,102314,Personal,21998.86,16234.69,8.14,Current
800868,102314,Personal,19609.96,18886.78,6.65,Current
800869,102316,Personal,10586.44,5412.73,8.14,Current
800870,102318,Mortgage,104265.49,33913.45,6.09,Current
800871,102322,Personal,27946.13,24681.95,8.1,Current
800872,102323,Mortgage,297428.55,210642.43,5.31,Current
800873,102325,Mortgage,341785.41,283331.8,6.8,Current
800874,102327,Personal,24310.07,12848.6,8.4,Current
800875,102329,Personal,15835.42,4171.36,9.91,Current
800876,102333,Auto,36096.1,24253.18,8.26,Current
800877,102336,Auto,33404.61,9160.14,5.77,Current
800878,102337,Auto,8644.93,2155.09,7.58,Current
800879,102343,Personal,3954.38,2249.58,13.57,Current
800880,102345,Auto,12573.24,1901.37,6.77,Current
800881,102349,Mortgage,218267.49,136145.43,5.38,Current
800882,102349,Auto,43115.56,17945.14,7.64,Current
800883,102353,Personal,29993.0,12619.56,6.51,Current
800884,102363,Auto,44260.33,23128.15,7.93,Current
800885,102367,Personal,11575.41,3129.66,8.83,Current
800886,102367,Mortgage,142773.43,25917.01,6.24,Current
800887,102369,Personal,12030.6,5350.5,5.06,Current
800888,102373,Personal,20380.82,16818.51,13.0,Current
800889,102378,Auto,25535.61,11375.75,4.3,Current
800890,102391,Personal,7685.87,5249.97,10.84,Late
800891,102394,Mortgage,186889.6,124384.67,4.87,Current
800892,102399,Personal,12777.84,8021.83,6.2,Current
800893,102404,Auto,32704.02,26108.63,9.54,Current
800894,102412,Personal,23756.38,18115.79,8.91,Current
800895,102418,Personal,17195.28,3364.71,12.11,Current
800896,102421,Personal,3729.31,2466.35,9.62,Current
800897,102423,Mortgage,246911.33,121775.08,6.58,Current
800898,102425,Auto,35526.59,23429.97,6.87,Current
800899,102425,Mortgage,291603.35,48551.76,6.38,Current
800900,102427,Mortgage,307263.24,172946.17,7.45,Current
800901,102428,Mortgage,195637.31,165787.88,5.2,Current
800902,102429,Auto,36577.9,30090.76,9.73,Current
800903,102433,Mortgage,176952.23,63237.84,6.33,Current
800904,102434,Personal,18587.97,2894.16,8.38,Current
800905,102444,Mortgage,261419.87,164368.17,6.08,Current
800906,102445,Mortgage,243339.01,102765.37,5.09,Current
800907,102451,Personal,20770.51,5780.88,9.05,Current
800908,102455,Personal,21234.59,11593.8,12.87,Current
800909,102456,Mortgage,116136.19,66988.7,6.2,Late
800910,102460,Auto,28132.95,25857.88,9.66,Current
800911,102461,Personal,17962.18,6137.61,13.77,Current
800912,102463,Personal,22671.94,10802.33,9.32,Late
800913,102466,Personal,28485.72,23662.26,7.34,Late
800914,102467,Personal,11557.29,2558.15,9.5,Current
800915,102469,Personal,3297.51,1335.52,6.39,Current
800916,102470,Personal,16674.21,15086.63,10.6,Current
800917,102471,Auto,28539.81,22935.39,5.02,Current
800918,102472,Mortgage,320401.43,153567.96,7.38,Current
800919,102473,Mortgage,98609.57,90545.48,4.78,Current
800920,102474,Personal,25265.57,9179.48,7.58,Current
800921,102475,Auto,26697.73,8534.79,6.44,Current
800922,102476,Mortgage,334472.42,116405.92,4.36,Current
800923,102476,Personal,26858.09,7056.66,8.84,Current
800924,102477,Auto,42977.63,29612.56,5.76,Current
800925,102480,Mortgage,95274.16,39242.62,5.97,Current
800926,102480,Mortgage,154213.84,70559.78,5.98,Current
800927,102481,Mortgage,173133.06,72076.37,3.5,Current
800928,102490,Mortgage,90289.49,76791.06,6.79,Current
800929,102492,Personal,3043.04,2313.48,9.72,Current
800930,102497,Mortgage,321723.23,301100.28,4.95,Current
800931,102498,Mortgage,341323.81,264216.77,5.47,Current
800932,102499,Personal,20373.67,7509.0,7.16,Current
